,U_DPTO,U_MPIO,DomesticViolenceCases,Population,Municipio,Departamento,CasesPer1000Habitants
0,5,1,56399,2359801.0,Medellin,Antioquia,23.89989664382717
1,5,2,93,17573.0,Abejorral,Antioquia,5.292209639788312
2,5,4,4,2141.0,Abriaqui,Antioquia,1.8682858477347033
3,5,21,54,3826.0,Alejandria,Antioquia,14.113957135389441
4,5,30,258,26687.0,Amaga,Antioquia,9.667628433319592
5,5,31,188,20141.0,Amalfi,Antioquia,9.334193932773944
6,5,34,651,37027.0,Andes,Antioquia,17.58176465822238
7,5,36,105,5013.0,Angelopolis,Antioquia,20.94554159186116
8,5,38,102,10500.0,Angostura,Antioquia,9.714285714285714
9,5,40,119,14477.0,Anori,Antioquia,8.21993506942046
10,5,42,252,22966.0,Antioquia,Antioquia,10.972742314726117
11,5,44,44,6386.0,Anza,Antioquia,6.890072032571249
12,5,45,2090,112396.0,Apartado,Antioquia,18.594967792448127
13,5,51,119,26279.0,Arboletes,Antioquia,4.52833060618745
14,5,55,37,6733.0,Argelia,Antioquia,5.49532155057181
15,5,59,61,3817.0,Armenia,Antioquia,15.981137018600995
16,5,79,901,44621.0,Barbosa,Antioquia,20.192286143295757
17,5,86,26,5349.0,Belmira,Antioquia,4.860721630211255
18,5,88,6820,477660.0,Bello,Antioquia,14.277938282460328
19,5,91,139,8589.0,Betania,Antioquia,16.183490511118876
20,5,93,174,15069.0,Betulia,Antioquia,11.546884332072468
21,5,101,223,23086.0,Bolivar,Antioquia,9.659533916659448
22,5,107,56,5946.0,Briceño,Antioquia,9.418096199125461
23,5,113,28,7368.0,Buritica,Antioquia,3.800217155266015
24,5,120,95,26120.0,Caceres,Antioquia,3.637059724349158
25,5,125,34,7015.0,Caicedo,Antioquia,4.846756949394155
26,5,129,1372,75971.0,Caldas,Antioquia,18.059522712614026
27,5,134,73,7402.0,Campamento,Antioquia,9.862199405566063
28,5,138,45,13562.0,Cañasgordas,Antioquia,3.3180946763014303
29,5,142,25,3955.0,Caracoli,Antioquia,6.321112515802781
30,5,145,18,4269.0,Caramanta,Antioquia,4.2164441321152495
31,5,147,376,45300.0,Carepa,Antioquia,8.300220750551876
32,5,148,498,53606.0,Carmen de viboral,Antioquia,9.290004850203335
33,5,150,45,3320.0,Carolina,Antioquia,13.55421686746988
34,5,154,992,84459.0,Caucasia,Antioquia,11.745343894670787
35,5,172,546,55558.0,Chigorodo,Antioquia,9.827567587026172
36,5,190,147,8891.0,Cisneros,Antioquia,16.533573276346868
37,5,197,201,14703.0,Cocorna,Antioquia,13.670679453172822
38,5,206,44,3901.0,Concepcion,Antioquia,11.279159189951296
39,5,209,241,16063.0,Concordia,Antioquia,15.003424017929403
40,5,212,1403,76078.0,Copacabana,Antioquia,18.44159941113068
41,5,234,70,22678.0,Dabeiba,Antioquia,3.0866919481435753
42,5,237,174,14163.0,Don matias,Antioquia,12.28553272611735
43,5,240,74,10323.0,Ebejico,Antioquia,7.168458781362007
44,5,250,172,47549.0,El bagre,Antioquia,3.617321079307662
45,5,264,56,8779.0,Entrerrios,Antioquia,6.378858639936211
46,5,266,3324,211558.0,Envigado,Antioquia,15.712003327692642
47,5,282,289,18744.0,Fredonia,Antioquia,15.41826717883056
48,5,284,114,20111.0,Frontino,Antioquia,5.668539605191189
49,5,306,19,5057.0,Giraldo,Antioquia,3.7571682815898755
50,5,308,666,48310.0,Girardota,Antioquia,13.785965638584145
51,5,310,88,8212.0,Gomez plata,Antioquia,10.71602532878714
52,5,313,64,9203.0,Granada,Antioquia,6.954254047593176
53,5,315,36,5452.0,Guadalupe,Antioquia,6.603081438004402
54,5,318,379,42034.0,Guarne,Antioquia,9.016510443926345
55,5,321,64,6998.0,Guatape,Antioquia,9.145470134324093
56,5,347,42,4709.0,Heliconia,Antioquia,8.91909110214483
57,5,353,94,4950.0,Hispania,Antioquia,18.98989898989899
58,5,360,4884,261576.0,Itagui,Antioquia,18.671437746582257
59,5,361,102,18443.0,Ituango,Antioquia,5.530553597570894
60,5,364,70,13453.0,Jardin,Antioquia,5.203300379097599
61,5,368,153,11046.0,Jerico,Antioquia,13.851167843563282
62,5,376,235,58787.0,La ceja,Antioquia,3.9974824365931245
63,5,380,975,67002.0,La estrella,Antioquia,14.551804423748544
64,5,390,87,7974.0,La pintada,Antioquia,10.9104589917231
65,5,400,169,20738.0,La union,Antioquia,8.149291156331373
66,5,411,39,7902.0,Liborina,Antioquia,4.935459377372816
67,5,425,55,7292.0,Maceo,Antioquia,7.542512342292923
68,5,440,210,55225.0,Marinilla,Antioquia,3.8026256224535993
69,5,467,33,5881.0,Montebello,Antioquia,5.611290596837273
70,5,475,8,4642.0,Murindo,Antioquia,1.7233950883239983
71,5,480,117,12602.0,Mutata,Antioquia,9.284240596730678
72,5,483,91,8599.0,Nariño,Antioquia,10.582625886731016
73,5,490,219,38420.0,Necocli,Antioquia,5.700156168662155
74,5,495,43,24030.0,Nechi,Antioquia,1.7894298793175198
75,5,501,19,2719.0,Olaya,Antioquia,6.987863184994484
76,5,541,71,17996.0,Peñol,Antioquia,3.9453211824849967
77,5,543,11,7141.0,Peque,Antioquia,1.540400504131074
78,5,576,76,7202.0,Pueblorrico,Antioquia,10.552624271035825
79,5,579,750,35791.0,Puerto berrio,Antioquia,20.95498868430611
80,5,585,107,12127.0,Puerto nare (la magdalena),Antioquia,8.823286880514555
81,5,591,159,15490.0,Puerto triunfo,Antioquia,10.26468689477082
82,5,604,206,22519.0,Remedios,Antioquia,9.147830720724722
83,5,607,128,20568.0,Retiro,Antioquia,6.223259432127577
84,5,615,1231,114851.0,Rionegro,Antioquia,10.718234930475138
85,5,628,19,7813.0,Sabanalarga,Antioquia,2.4318443619608345
86,5,631,992,81630.0,Sabaneta,Antioquia,12.152394952835968
87,5,642,131,15729.0,Salgar,Antioquia,8.328565070888168
88,5,647,76,6295.0,San andres,Antioquia,12.073073868149326
89,5,649,102,14373.0,San carlos,Antioquia,7.09663953245669
90,5,652,20,5223.0,San francisco,Antioquia,3.8292169251388093
91,5,656,58,13133.0,San jeronimo,Antioquia,4.416355745069672
92,5,658,24,2952.0,San jose de la montaña,Antioquia,8.130081300813009
93,5,659,60,19992.0,San juan de uraba,Antioquia,3.001200480192077
94,5,660,88,11099.0,San luis,Antioquia,7.928642220019821
95,5,664,348,17020.0,San pedro,Antioquia,20.44653349001175
96,5,665,93,30064.0,San pedro de uraba,Antioquia,3.093400745077169
97,5,667,81,12557.0,San rafael,Antioquia,6.450585330891137
98,5,670,122,17750.0,San roque,Antioquia,6.873239436619718
99,5,674,173,17987.0,San vicente,Antioquia,9.618057485962083
100,5,679,170,21836.0,Santa barbara,Antioquia,7.785308664590584
101,5,686,261,30350.0,Santa rosa de osos,Antioquia,8.599670510708401
102,5,690,72,9520.0,Santo domingo,Antioquia,7.563025210084033
103,5,697,241,30255.0,Santuario,Antioquia,7.965625516443564
104,5,736,310,33310.0,Segovia,Antioquia,9.306514560192134
105,5,756,245,31598.0,Sonson,Antioquia,7.753655294638901
106,5,761,77,13709.0,Sopetran,Antioquia,5.616748121671894
107,5,789,97,14814.0,Tamesis,Antioquia,6.547860132307277
108,5,790,132,22729.0,Taraza,Antioquia,5.807558625544458
109,5,792,76,5646.0,Tarso,Antioquia,13.460857244066597
110,5,809,101,8179.0,Titiribi,Antioquia,12.348697884826995
111,5,819,29,4922.0,Toledo,Antioquia,5.891913856156035
112,5,837,1111,114212.0,Turbo,Antioquia,9.727524253143276
113,5,842,17,6523.0,Uramita,Antioquia,2.6061628085236856
114,5,847,161,28860.0,Urrao,Antioquia,5.578655578655578
115,5,854,53,11511.0,Valdivia,Antioquia,4.604291547215706
116,5,856,28,5414.0,Valparaiso,Antioquia,5.171776874769117
117,5,858,71,11134.0,Vegachi,Antioquia,6.376863660858631
118,5,861,141,10221.0,Venecia,Antioquia,13.795127678309363
119,5,873,17,8126.0,Vigia del fuerte,Antioquia,2.092050209205021
120,5,885,49,6234.0,Yali,Antioquia,7.8601219120949635
121,5,887,385,35842.0,Yarumal,Antioquia,10.741588081022265
122,5,890,96,18915.0,Yolombo,Antioquia,5.075337034099921
123,5,893,202,17493.0,Yondo,Antioquia,11.547476133310468
124,5,895,158,24052.0,Zaragoza,Antioquia,6.569100282720772
125,8,1,15236,1115490.0,"Barranquilla (distrito especial, industrial y portuario de barranquilla)",Atlantico,13.658571569444817
126,8,78,280,61446.0,Baranoa,Atlantico,4.55684666210982
127,8,137,41,22810.0,Campo de la cruz,Atlantico,1.7974572555896537
128,8,141,45,15631.0,Candelaria,Atlantico,2.878894504510268
129,8,296,352,55014.0,Galapa,Atlantico,6.398371323663068
130,8,372,37,18828.0,Juan de acosta,Atlantico,1.965158274909709
131,8,421,194,27647.0,Luruaco,Atlantico,7.017036206460014
132,8,433,899,119704.0,Malambo,Atlantico,7.510191806455925
133,8,436,94,19233.0,Manati,Atlantico,4.8874330577653
134,8,520,75,27087.0,Palmar de varela,Atlantico,2.768855908738509
135,8,549,17,5636.0,Piojo,Atlantico,3.0163236337828248
136,8,558,41,16221.0,Polo nuevo,Atlantico,2.527587694963319
137,8,560,53,23412.0,Ponedera,Atlantico,2.263796343755339
138,8,573,430,47742.0,Puerto colombia,Atlantico,9.00674458548029
139,8,606,113,25467.0,Repelon,Atlantico,4.437114697451604
140,8,634,133,31991.0,Sabanagrande,Atlantico,4.15741927417086
141,8,638,897,92283.0,Sabanalarga,Atlantico,9.720100126783914
142,8,675,18,12650.0,Santa lucia,Atlantico,1.4229249011857708
143,8,685,76,28635.0,Santo tomas,Atlantico,2.6540946394272744
144,8,758,7865,535639.0,Soledad,Atlantico,14.683396840035918
145,8,770,14,11607.0,Suan,Atlantico,1.2061686913069698
146,8,832,53,12718.0,Tubara,Atlantico,4.167321905960057
147,8,849,22,9543.0,Usiacuri,Atlantico,2.3053547102588285
148,11,1,212649,7149540.0,"Santa fe de bogota, d. c.",Santa fe de bogotá,29.743032418868907
149,11,1,212649,7149540.0,Santafe de bogota d.c.- usaquen,Santa fe de bogotá,29.743032418868907
150,13,1,15096,884084.0,Cartagena (distrito turistico y cultural de cartagena),Bolivar,17.07530053705304
151,13,6,29,18864.0,Achi,Bolivar,1.5373197625106023
152,13,30,12,9009.0,Altos del rosario,Bolivar,1.332001332001332
153,13,42,15,7169.0,Arenal,Bolivar,2.0923420281768728
154,13,52,437,67100.0,Arjona,Bolivar,6.512667660208644
155,13,62,39,8058.0,Arroyohondo,Bolivar,4.839910647803425
156,13,74,39,14435.0,Barranco de loba,Bolivar,2.701766539660547
157,13,140,158,22202.0,Calamar,Bolivar,7.11647599315377
158,13,160,95,6874.0,Cantagallo,Bolivar,13.820192027931336
159,13,188,68,13120.0,Cicuco,Bolivar,5.182926829268293
160,13,212,62,14992.0,Cordoba,Bolivar,4.135538954108858
161,13,222,146,13821.0,Clemencia,Bolivar,10.563635048115188
162,13,244,1386,67376.0,El carmen de bolivar,Bolivar,20.571123248634528
163,13,248,45,7861.0,El guamo,Bolivar,5.724462536572955
164,13,268,12,7234.0,El peñon,Bolivar,1.6588332872546308
165,13,300,28,11770.0,Hatillo de loba,Bolivar,2.3789294817332203
166,13,430,2064,127471.0,Magangue,Bolivar,16.191918161777973
167,13,433,70,25772.0,Mahates,Bolivar,2.716126028247711
168,13,440,10,9720.0,Margarita,Bolivar,1.02880658436214
169,13,442,285,45321.0,Maria la baja,Bolivar,6.288475541139869
170,13,458,11,13470.0,Montecristo,Bolivar,0.8166295471417966
171,13,468,236,43209.0,Mompos,Bolivar,5.461825082737392
172,13,473,28,18678.0,Morales,Bolivar,1.4990898383124531
173,13,549,33,23349.0,Pinillos,Bolivar,1.4133367596042656
174,13,580,15,5335.0,Regidor,Bolivar,2.8116213683223994
175,13,600,10,8125.0,Rio viejo,Bolivar,1.2307692307692308
176,13,620,23,7454.0,San cristobal,Bolivar,3.0855916286557554
177,13,647,77,16518.0,San estanislao,Bolivar,4.661581305242765
178,13,650,17,9776.0,San fernando,Bolivar,1.7389525368248773
179,13,654,190,23551.0,San jacinto,Bolivar,8.067597978854401
180,13,655,2,8079.0,San jacinto del cauca,Bolivar,0.24755539051862854
181,13,657,381,35412.0,San juan nepomuceno,Bolivar,10.759064723822434
182,13,667,88,14501.0,San martin de loba,Bolivar,6.068546996758844
183,13,670,220,24520.0,San pablo,Bolivar,8.97226753670473
184,13,673,128,14039.0,Santa catalina,Bolivar,9.117458508440773
185,13,683,277,18375.0,Santa rosa,Bolivar,15.074829931972788
186,13,688,204,27284.0,Santa rosa del sur,Bolivar,7.4769095440551245
187,13,744,147,15264.0,Simiti,Bolivar,9.630503144654087
188,13,760,52,9187.0,Soplaviento,Bolivar,5.660171982148688
189,13,780,35,12845.0,Talaigua nuevo,Bolivar,2.7247956403269753
190,13,810,39,17918.0,Tiquisio (puerto rico),Bolivar,2.176582207835696
191,13,836,751,98380.0,Turbaco,Bolivar,7.633665379142101
192,13,838,79,15544.0,Turbana,Bolivar,5.082346886258363
193,13,873,180,21135.0,Villanueva,Bolivar,8.516678495386799
194,13,894,56,11367.0,Zambrano,Bolivar,4.926541743643881
195,15,1,10439,166850.0,Tunja,Boyaca,62.56517830386575
196,15,22,30,1582.0,Almeida,Boyaca,18.963337547408344
197,15,47,198,13860.0,Aquitania,Boyaca,14.285714285714285
198,15,51,126,5447.0,Arcabuco,Boyaca,23.13199926565082
199,15,87,170,7322.0,Belen,Boyaca,23.217700081944823
200,15,90,14,1442.0,Berbeo,Boyaca,9.70873786407767
201,15,92,10,1895.0,Beteitiva,Boyaca,5.277044854881266
202,15,97,56,4932.0,Boavita,Boyaca,11.3544201135442
203,15,104,105,4472.0,Boyaca,Boyaca,23.47942754919499
204,15,106,31,2043.0,Briceño,Boyaca,15.173764072442488
205,15,109,159,4240.0,Buenavista,Boyaca,37.5
206,15,114,18,896.0,Busbanza,Boyaca,20.089285714285715
207,15,131,38,3085.0,Caldas,Boyaca,12.317666126418152
208,15,135,29,2705.0,Campohermoso,Boyaca,10.720887245841036
209,15,162,87,3636.0,Cerinza,Boyaca,23.92739273927393
210,15,172,32,2822.0,Chinavita,Boyaca,11.339475549255848
211,15,176,2065,51414.0,Chiquinquira,Boyaca,40.16415762243747
212,15,180,20,3587.0,Chiscas,Boyaca,5.575689991636465
213,15,183,17,7735.0,Chita,Boyaca,2.197802197802198
214,15,185,120,5013.0,Chitaraque,Boyaca,23.937761819269898
215,15,187,38,2783.0,Chivata,Boyaca,13.654329859863456
216,15,189,76,4492.0,Cienega,Boyaca,16.918967052537845
217,15,204,175,9341.0,Combita,Boyaca,18.734610855368807
218,15,212,53,3019.0,Coper,Boyaca,17.555481947664788
219,15,215,25,2479.0,Corrales,Boyaca,10.084711577248891
220,15,218,15,2594.0,Covarachia,Boyaca,5.782575173477255
221,15,223,46,9942.0,Cubara,Boyaca,4.626835646751157
222,15,224,69,3375.0,Cucaita,Boyaca,20.444444444444446
223,15,226,82,1628.0,Cuitiva,Boyaca,50.368550368550366
224,15,232,44,4347.0,Chiquiza,Boyaca,10.121923165401427
225,15,236,23,1669.0,Chivor,Boyaca,13.780707010185742
226,15,238,6060,116737.0,Duitama,Boyaca,51.911561886976706
227,15,244,59,3952.0,El cocuy,Boyaca,14.929149797570851
228,15,248,13,2597.0,El espino,Boyaca,5.005775895263765
229,15,272,63,6523.0,Firavitoba,Boyaca,9.658132760999539
230,15,276,33,3184.0,Floresta,Boyaca,10.364321608040202
231,15,293,63,2744.0,Gachantiva,Boyaca,22.95918367346939
232,15,296,83,4395.0,Gameza,Boyaca,18.88509670079636
233,15,299,288,13977.0,Garagoa,Boyaca,20.6052801030264
234,15,317,12,1764.0,Guacamayas,Boyaca,6.802721088435374
235,15,322,286,8025.0,Guateque,Boyaca,35.638629283489095
236,15,325,41,3089.0,Guayata,Boyaca,13.272903852379411
237,15,332,34,3920.0,Guican,Boyaca,8.673469387755102
238,15,362,27,1944.0,Iza,Boyaca,13.888888888888888
239,15,367,103,6308.0,Jenesano,Boyaca,16.328471781864298
240,15,368,23,3540.0,Jerico,Boyaca,6.497175141242938
241,15,377,44,3075.0,Labranzagrande,Boyaca,14.308943089430894
242,15,380,39,2284.0,La capilla,Boyaca,17.075306479859893
243,15,401,7,956.0,La victoria,Boyaca,7.322175732217573
244,15,403,20,2774.0,La uvita,Boyaca,7.209805335255948
245,15,407,433,14267.0,Villa de leiva,Boyaca,30.34975818322002
246,15,425,18,3516.0,Macanal,Boyaca,5.1194539249146755
247,15,442,84,5354.0,Maripi,Boyaca,15.689204333208817
248,15,455,302,8199.0,Miraflores,Boyaca,36.83376021466032
249,15,464,20,4300.0,Mongua,Boyaca,4.651162790697675
250,15,466,45,3895.0,Mongui,Boyaca,11.553273427471117
251,15,469,523,20667.0,Moniquira,Boyaca,25.30604345091208
252,15,476,114,5226.0,Motavita,Boyaca,21.814006888633752
253,15,480,198,7961.0,Muzo,Boyaca,24.871247330737344
254,15,491,259,14651.0,Nobsa,Boyaca,17.677974199713333
255,15,494,132,5008.0,Nuevo colon,Boyaca,26.357827476038338
256,15,500,71,2797.0,Oicata,Boyaca,25.38434036467644
257,15,507,129,6989.0,Otanche,Boyaca,18.457576191157536
258,15,511,53,2261.0,Pachavita,Boyaca,23.440955329500223
259,15,514,49,2925.0,Paez,Boyaca,16.752136752136753
260,15,516,360,31097.0,Paipa,Boyaca,11.576679422452326
261,15,518,92,1930.0,Pajarito,Boyaca,47.66839378238342
262,15,522,26,1619.0,Panqueba,Boyaca,16.05929586164299
263,15,531,129,6355.0,Pauna,Boyaca,20.29897718332022
264,15,533,58,2061.0,Paya,Boyaca,28.14167879670063
265,15,537,44,4040.0,Paz del rio,Boyaca,10.89108910891089
266,15,542,56,6604.0,Pesca,Boyaca,8.479709267110842
267,15,550,3,1582.0,Pisba,Boyaca,1.8963337547408343
268,15,572,905,44076.0,Puerto boyaca,Boyaca,20.532716217442598
269,15,580,50,4194.0,Quipama,Boyaca,11.921793037672867
270,15,599,378,8690.0,Ramiriqui,Boyaca,43.49827387802072
271,15,600,104,7302.0,Raquira,Boyaca,14.24267324020816
272,15,621,19,2212.0,Rondon,Boyaca,8.589511754068717
273,15,632,172,11161.0,Saboya,Boyaca,15.410805483379626
274,15,638,134,4823.0,Sachica,Boyaca,27.783537217499482
275,15,646,351,17485.0,Samaca,Boyaca,20.074349442379184
276,15,660,37,1558.0,San eduardo,Boyaca,23.74839537869063
277,15,664,132,4658.0,San jose de pare,Boyaca,28.338342636324604
278,15,667,40,4534.0,San luis de gaceno,Boyaca,8.82223202470225
279,15,673,29,3307.0,San mateo,Boyaca,8.769277290595706
280,15,676,28,2901.0,San miguel de sema,Boyaca,9.651844191658048
281,15,681,89,5827.0,San pablo de borbur,Boyaca,15.273725759395916
282,15,686,211,6811.0,Santana,Boyaca,30.979298194097783
283,15,690,42,3093.0,Santa maria,Boyaca,13.579049466537343
284,15,693,161,10849.0,Santa rosa de viterbo,Boyaca,14.840077426490922
285,15,696,112,2924.0,Santa sofia,Boyaca,38.303693570451436
286,15,720,20,1947.0,Sativanorte,Boyaca,10.27221366204417
287,15,723,10,1044.0,Sativasur,Boyaca,9.578544061302681
288,15,740,141,6649.0,Siachoque,Boyaca,21.206196420514363
289,15,753,132,8456.0,Soata,Boyaca,15.610217596972564
290,15,755,40,7122.0,Socota,Boyaca,5.616399887672002
291,15,757,76,7497.0,Socha,Boyaca,10.137388288648793
292,15,759,3237,119503.0,Sogamoso,Boyaca,27.08718609574655
293,15,761,20,2364.0,Somondoco,Boyaca,8.460236886632826
294,15,762,59,2586.0,Sora,Boyaca,22.815158546017013
295,15,763,98,7953.0,Sotaquira,Boyaca,12.322394065132654
296,15,764,143,5858.0,Soraca,Boyaca,24.411061795834758
297,15,774,21,2555.0,Susacon,Boyaca,8.21917808219178
298,15,776,89,5755.0,Sutamarchan,Boyaca,15.464813205907905
299,15,778,34,3481.0,Sutatenza,Boyaca,9.767308244757253
300,15,790,53,5140.0,Tasco,Boyaca,10.311284046692608
301,15,798,21,3426.0,Tenza,Boyaca,6.129597197898424
302,15,804,132,7945.0,Tibana,Boyaca,16.614222781623663
303,15,806,303,11019.0,Tibasosa,Boyaca,27.497958072420364
304,15,808,93,2869.0,Tinjaca,Boyaca,32.41547577553154
305,15,810,21,3154.0,Tipacoque,Boyaca,6.658211794546607
306,15,814,106,8707.0,Toca,Boyaca,12.174112782818423
307,15,816,122,4224.0,Togui,Boyaca,28.882575757575758
308,15,820,34,3531.0,Topaga,Boyaca,9.629000283205892
309,15,822,36,4530.0,Tota,Boyaca,7.947019867549669
310,15,832,24,1526.0,Tunungua,Boyaca,15.727391874180864
311,15,835,135,5835.0,Turmeque,Boyaca,23.13624678663239
312,15,837,133,8143.0,Tuta,Boyaca,16.33304678865283
313,15,839,23,1794.0,Tutasa,Boyaca,12.82051282051282
314,15,842,58,6905.0,Umbita,Boyaca,8.399710354815351
315,15,861,278,13974.0,Ventaquemada,Boyaca,19.894089022470304
316,15,879,106,2582.0,Viracacha,Boyaca,41.05344694035632
317,15,897,95,4272.0,Zetaquira,Boyaca,22.237827715355802
318,17,1,4179,395818.0,Manizales,Caldas,10.557882663244218
319,17,13,174,20525.0,Aguadas,Caldas,8.477466504263095
320,17,42,361,31438.0,Anserma,Caldas,11.482918760735416
321,17,50,97,9854.0,Aranzazu,Caldas,9.843718286990054
322,17,88,60,9661.0,Belalcazar,Caldas,6.210537211468792
323,17,174,966,48298.0,Chinchina,Caldas,20.000828191643546
324,17,272,36,9613.0,Filadelfia,Caldas,3.744928742328097
325,17,380,1409,69086.0,La dorada,Caldas,20.394870161827285
326,17,388,44,5324.0,La merced,Caldas,8.264462809917356
327,17,433,173,16502.0,Manzanares,Caldas,10.48357774815174
328,17,442,65,8485.0,Marmato,Caldas,7.660577489687684
329,17,444,52,12079.0,Marquetalia,Caldas,4.304992135110522
330,17,446,11,2081.0,Marulanda,Caldas,5.285920230658338
331,17,486,136,20355.0,Neira,Caldas,6.681405060181773
332,17,495,56,5946.0,Norcasia,Caldas,9.418096199125461
333,17,513,65,13074.0,Pacora,Caldas,4.971699556371425
334,17,524,192,13490.0,Palestina,Caldas,14.232765011119348
335,17,541,123,17107.0,Pensilvania,Caldas,7.19003916525399
336,17,614,453,48012.0,Riosucio,Caldas,9.435141214696326
337,17,616,92,9840.0,Risaralda,Caldas,9.34959349593496
338,17,653,144,16441.0,Salamina,Caldas,8.758591326561646
339,17,662,116,17424.0,Samana,Caldas,6.657483930211203
340,17,665,55,4516.0,San jose,Caldas,12.178919397697076
341,17,777,184,26571.0,Supia,Caldas,6.9248428738097925
342,17,867,63,8148.0,Victoria,Caldas,7.731958762886598
343,17,873,448,62671.0,Villamaria,Caldas,7.1484418630626605
344,17,877,101,12425.0,Viterbo,Caldas,8.12877263581489
345,18,1,4193,152474.0,Florencia,Caqueta,27.49977045266734
346,18,29,33,4363.0,Albania,Caqueta,7.5636030254412105
347,18,94,86,8729.0,Belen de los andaquies,Caqueta,9.852216748768473
348,18,150,195,27267.0,Cartagena del chaira,Caqueta,7.15150181538123
349,18,205,83,7379.0,Curillo,Caqueta,11.248136603875864
350,18,247,115,17572.0,El doncello,Caqueta,6.544502617801047
351,18,256,92,12822.0,El paujil,Caqueta,7.175167680549056
352,18,410,66,11524.0,La montañita,Caqueta,5.727178063172509
353,18,460,29,6980.0,Milan,Caqueta,4.154727793696275
354,18,479,27,3350.0,Morelia,Caqueta,8.059701492537314
355,18,592,211,23616.0,Puerto rico,Caqueta,8.934620596205962
356,18,610,85,10965.0,San jose de fragua,Caqueta,7.751937984496124
357,18,753,488,40794.0,San  vicente del caguan,Caqueta,11.962543511300682
358,18,756,61,9587.0,Solano,Caqueta,6.362782935224784
359,18,785,30,5242.0,Solita,Caqueta,5.723006486074018
360,18,860,43,5678.0,Valparaiso,Caqueta,7.5730891158858755
361,19,1,10662,272901.0,Popayan,Cauca,39.069112975034905
362,19,22,69,16523.0,Almaguer,Cauca,4.175997094958543
363,19,50,61,19925.0,Argelia,Cauca,3.0614805520702633
364,19,75,64,18904.0,Balboa,Cauca,3.3855268726195513
365,19,100,106,35625.0,Bolivar,Cauca,2.975438596491228
366,19,110,120,25236.0,Buenos aires,Cauca,4.755111745126011
367,19,130,301,32235.0,Cajibio,Cauca,9.337676438653638
368,19,137,114,35886.0,Caldono,Cauca,3.176726299949841
369,19,142,628,25264.0,Caloto,Cauca,24.85750474984167
370,19,212,201,21633.0,Corinto,Cauca,9.291360421578144
371,19,256,328,38509.0,El tambo,Cauca,8.517489418058116
372,19,290,16,5089.0,Florencia,Cauca,3.144036156415799
373,19,318,159,23775.0,Guapi,Cauca,6.687697160883281
374,19,355,180,26490.0,Inza,Cauca,6.795016987542469
375,19,364,22,16353.0,Jambalo,Cauca,1.3453189017305693
376,19,392,69,9935.0,La sierra,Cauca,6.945143432310015
377,19,397,97,19777.0,La vega,Cauca,4.904687262982252
378,19,418,24,15117.0,Lopez (micay),Cauca,1.5876165905933717
379,19,450,107,14806.0,Mercaderes,Cauca,7.2267999459678505
380,19,455,217,28540.0,Miranda,Cauca,7.6033637000700764
381,19,473,89,29737.0,Morales,Cauca,2.9929044624541814
382,19,513,37,8763.0,Padilla,Cauca,4.222298299669063
383,19,517,91,37599.0,Paez (belalcazar),Cauca,2.420277135030187
384,19,532,197,28361.0,Patia (el bordo),Cauca,6.946158457036071
385,19,533,37,7124.0,Piamonte,Cauca,5.193711398090961
386,19,548,484,33346.0,Piendamo,Cauca,14.514484495891562
387,19,573,531,40020.0,Puerto tejada,Cauca,13.268365817091453
388,19,585,45,14925.0,Purace (coconuco),Cauca,3.015075376884422
389,19,622,54,9336.0,Rosas,Cauca,5.784061696658098
390,19,693,21,9769.0,San sebastian,Cauca,2.1496570785136657
391,19,698,1998,95348.0,Santander de quilichao,Cauca,20.954818139866592
392,19,701,10,4975.0,Santa rosa,Cauca,2.0100502512562817
393,19,743,192,33380.0,Silvia,Cauca,5.751947273816656
394,19,760,66,11921.0,Sotara (paispamba),Cauca,5.536448284539888
395,19,780,81,19624.0,Suarez,Cauca,4.127598858540563
396,19,807,287,32170.0,Timbio,Cauca,8.921355299968916
397,19,809,62,21614.0,Timbiqui,Cauca,2.8685111501804386
398,19,821,154,30654.0,Toribio,Cauca,5.023814184119527
399,19,824,112,20870.0,Totoro,Cauca,5.366554863440345
400,19,845,283,18761.0,Villarica,Cauca,15.084483769521881
401,20,1,4444,455636.0,Valledupar,Cesar,9.753399643575134
402,20,11,1810,95548.0,Aguachica,Cesar,18.94335831205258
403,20,13,355,58475.0,Agustin codazzi,Cesar,6.070970500213766
404,20,32,35,18434.0,Astrea,Cesar,1.8986655093848324
405,20,45,51,20474.0,Becerril,Cesar,2.4909641496532187
406,20,60,137,37499.0,Bosconia,Cesar,3.653430758153551
407,20,175,55,30272.0,Chimichagua,Cesar,1.816860465116279
408,20,178,101,26976.0,Chiriguana,Cesar,3.7440688018979835
409,20,228,151,34833.0,Curumani,Cesar,4.33496971262883
410,20,238,123,28550.0,El copey,Cesar,4.308231173380035
411,20,250,109,34620.0,El paso,Cesar,3.1484690930098207
412,20,295,78,12444.0,Gamarra,Cesar,6.26808100289296
413,20,310,26,4034.0,Gonzalez,Cesar,6.4452156668319285
414,20,383,50,14779.0,La gloria,Cesar,3.3831788348332092
415,20,400,113,37106.0,La jagua ibirico,Cesar,3.0453295962917046
416,20,443,31,9302.0,Manaure (balcon del cesar),Cesar,3.332616641582455
417,20,517,85,16800.0,Pailitas,Cesar,5.05952380952381
418,20,550,50,18487.0,Pelaya,Cesar,2.704603234705469
419,20,570,54,22763.0,Pueblo bello,Cesar,2.372270790317621
420,20,614,130,14408.0,Rio de oro,Cesar,9.022765130483066
421,20,621,150,26105.0,La paz (robles),Cesar,5.746025665581306
422,20,710,216,22993.0,San alberto,Cesar,9.394163441047276
423,20,750,68,18530.0,San diego,Cesar,3.669724770642202
424,20,770,282,20452.0,San martin,Cesar,13.78838255427342
425,20,787,42,14063.0,Tamalameque,Cesar,2.9865604778496766
426,23,1,6271,431279.0,Monteria,Cordova,14.540471481338066
427,23,68,163,38816.0,Ayapel,Cordova,4.1992992580379225
428,23,79,69,18344.0,Buenavista,Cordova,3.7614478848669863
429,23,90,40,14831.0,Canalete,Cordova,2.697053469085025
430,23,162,671,96165.0,Cerete,Cordova,6.977590599490459
431,23,168,53,13492.0,Chima,Cordova,3.928253780017789
432,23,182,453,42676.0,Chinu,Cordova,10.614865498172275
433,23,189,193,56278.0,Cienaga de oro,Cordova,3.4294040299939588
434,23,300,71,16215.0,Cotorra,Cordova,4.378661732963305
435,23,350,104,13733.0,La apartada,Cordova,7.572999344644288
436,23,417,875,98436.0,Lorica,Cordova,8.889024340688366
437,23,419,47,15886.0,Los cordobas,Cordova,2.9585798816568047
438,23,464,89,16264.0,Momil,Cordova,5.472208558780128
439,23,466,601,71772.0,Montelibano,Cordova,8.373739062587081
440,23,500,54,25095.0,Moñitos,Cordova,2.1518230723251643
441,23,555,746,60245.0,Planeta rica,Cordova,12.382770354386256
442,23,570,156,26968.0,Pueblo nuevo,Cordova,5.784633639869475
443,23,574,56,19474.0,Puerto escondido,Cordova,2.875629043853343
444,23,580,153,35303.0,Puerto libertador,Cordova,4.333909299492961
445,23,586,118,14702.0,Purisima,Cordova,8.026118895388382
446,23,660,1003,94010.0,Sahagun,Cordova,10.669077757685352
447,23,670,154,42041.0,San andres sotavento,Cordova,3.663090792321781
448,23,672,164,29028.0,San antero,Cordova,5.649717514124294
449,23,675,110,29437.0,San bernardo del viento,Cordova,3.736793830893094
450,23,678,74,23532.0,San carlos,Cordova,3.1446540880503147
451,23,686,123,40614.0,San pelayo,Cordova,3.028512335647806
452,23,807,407,85813.0,Tierralta,Cordova,4.742871126752357
453,23,855,62,30532.0,Valencia,Cordova,2.0306563605397616
454,25,1,72,10421.0,Agua de dios,Cundinamarca,6.909125803665675
455,25,19,43,5920.0,Alban,Cundinamarca,7.263513513513514
456,25,35,200,12130.0,Anapoima,Cundinamarca,16.488046166529266
457,25,40,37,12120.0,Anolaima,Cundinamarca,3.0528052805280526
458,25,53,179,9613.0,Arbelaez,Cundinamarca,18.620617913242484
459,25,86,18,1719.0,Beltran,Cundinamarca,10.471204188481677
460,25,95,23,2223.0,Bituima,Cundinamarca,10.3463787674314
461,25,99,113,9653.0,Bojaca,Cundinamarca,11.706205324769503
462,25,120,84,4270.0,Cabrera,Cundinamarca,19.672131147540984
463,25,123,89,9267.0,Cachipay,Cundinamarca,9.603971080176972
464,25,126,653,80534.0,Cajica,Cundinamarca,8.108376586286537
465,25,148,75,10266.0,Caparrapi,Cundinamarca,7.305669199298656
466,25,151,237,15435.0,Caqueza,Cundinamarca,15.354713313896987
467,25,154,152,7325.0,Carmen de carupa,Cundinamarca,20.75085324232082
468,25,168,13,3323.0,Chaguani,Cundinamarca,3.9121275955461936
469,25,175,2082,128753.0,Chia,Cundinamarca,16.170496998128197
470,25,178,60,8624.0,Chipaque,Cundinamarca,6.957328385899815
471,25,181,95,10366.0,Choachi,Cundinamarca,9.164576500096468
472,25,183,195,19611.0,Choconta,Cundinamarca,9.94339911274285
473,25,200,473,20801.0,Cogua,Cundinamarca,22.739291380222106
474,25,214,236,31364.0,Cota,Cundinamarca,7.524550439994899
475,25,224,133,7002.0,Cucunuba,Cundinamarca,18.994572979148817
476,25,245,278,22529.0,El colegio,Cundinamarca,12.33965111633894
477,25,258,59,3458.0,El peñon,Cundinamarca,17.061885482938116
478,25,260,276,21873.0,El rosal,Cundinamarca,12.618296529968454
479,25,269,2571,134881.0,Facatativa,Cundinamarca,19.061246580318947
480,25,279,118,10749.0,Fomeque,Cundinamarca,10.97776537352312
481,25,281,36,5561.0,Fosca,Cundinamarca,6.473655817299047
482,25,286,947,90670.0,Funza,Cundinamarca,10.444468953347304
483,25,288,87,4848.0,Fuquene,Cundinamarca,17.945544554455445
484,25,290,2298,131661.0,Fusagasuga,Cundinamarca,17.453915738145692
485,25,293,35,4343.0,Gachala,Cundinamarca,8.058945429426664
486,25,295,381,16601.0,Gachancipa,Cundinamarca,22.95042467321246
487,25,297,98,8065.0,Gacheta,Cundinamarca,12.151270923744576
488,25,299,47,3032.0,Gama,Cundinamarca,15.50131926121372
489,25,307,2285,91545.0,Girardot,Cundinamarca,24.960401988093288
490,25,312,121,6899.0,Granada,Cundinamarca,17.538773735323957
491,25,317,112,12403.0,Guacheta,Cundinamarca,9.030073369346127
492,25,320,293,24514.0,Guaduas,Cundinamarca,11.952353757036795
493,25,322,179,14954.0,Guasca,Cundinamarca,11.970041460478802
494,25,324,13,1974.0,Guataqui,Cundinamarca,6.585612968591692
495,25,326,71,6145.0,Guatavita,Cundinamarca,11.554109031733116
496,25,328,19,3604.0,Guayabal de siquima,Cundinamarca,5.2719200887902335
497,25,335,21,5809.0,Guayabetal,Cundinamarca,3.6150800482010674
498,25,339,47,3311.0,Gutierrez,Cundinamarca,14.195107218363033
499,25,368,29,2024.0,Jerusalen,Cundinamarca,14.32806324110672
500,25,372,53,5197.0,Junin,Cundinamarca,10.19819126419088
501,25,377,420,28405.0,La calera,Cundinamarca,14.786129202605176
502,25,386,451,28962.0,La mesa,Cundinamarca,15.572128996616255
503,25,394,63,7708.0,La palma,Cundinamarca,8.173326414115206
504,25,398,71,5406.0,La peña,Cundinamarca,13.13355530891602
505,25,402,252,13054.0,La vega,Cundinamarca,19.304427761605638
506,25,407,107,9414.0,Lenguazaque,Cundinamarca,11.36605056299129
507,25,426,58,6022.0,Macheta,Cundinamarca,9.631351710395219
508,25,430,1416,108885.0,Madrid,Cundinamarca,13.004546080727373
509,25,436,21,3328.0,Manta,Cundinamarca,6.310096153846154
510,25,438,73,7269.0,Medina,Cundinamarca,10.042646856513963
511,25,473,1788,128880.0,Mosquera,Cundinamarca,13.873370577281191
512,25,483,9,2100.0,Nariño,Cundinamarca,4.285714285714286
513,25,486,173,12198.0,Nemocon,Cundinamarca,14.182652893917036
514,25,488,62,6960.0,Nilo,Cundinamarca,8.908045977011493
515,25,489,28,3059.0,Nimaima,Cundinamarca,9.153318077803204
516,25,491,34,5194.0,Nocaima,Cundinamarca,6.546014632268001
517,25,506,35,4106.0,Venecia (ospina perez),Cundinamarca,8.52411105698977
518,25,513,267,23647.0,Pacho,Cundinamarca,11.291072863365331
519,25,518,23,3854.0,Paime,Cundinamarca,5.967825635703166
520,25,524,48,4734.0,Pandi,Cundinamarca,10.139416983523446
521,25,530,51,8001.0,Paratebueno,Cundinamarca,6.374203224596926
522,25,535,151,8686.0,Pasca,Cundinamarca,17.3842965691918
523,25,572,194,14691.0,Puerto salgar,Cundinamarca,13.205363828194132
524,25,580,15,2524.0,Puli,Cundinamarca,5.942947702060222
525,25,592,70,4447.0,Quebradanegra,Cundinamarca,15.740948954351248
526,25,594,60,4928.0,Quetame,Cundinamarca,12.175324675324676
527,25,596,37,6110.0,Quipile,Cundinamarca,6.055646481178396
528,25,599,54,7530.0,Apulo (rafael reyes),Cundinamarca,7.171314741035856
529,25,612,153,10787.0,Ricaurte,Cundinamarca,14.18373968665987
530,25,645,208,10202.0,San  antonio del tequendama,Cundinamarca,20.388159184473633
531,25,649,60,7404.0,San bernardo,Cundinamarca,8.103727714748784
532,25,653,22,4043.0,San cayetano,Cundinamarca,5.441503833786792
533,25,658,107,9376.0,San francisco,Cundinamarca,11.412116040955631
534,25,662,90,7494.0,San juan de rioseco,Cundinamarca,12.00960768614892
535,25,718,75,9299.0,Sasaima,Cundinamarca,8.065383374556404
536,25,736,67,11048.0,Sesquile,Cundinamarca,6.064446053584359
537,25,740,370,31511.0,Sibate,Cundinamarca,11.741931389038747
538,25,743,276,20548.0,Silvania,Cundinamarca,13.43196418142885
539,25,745,118,11489.0,Simijaca,Cundinamarca,10.27069370702411
540,25,754,11924,644768.0,Soacha,Cundinamarca,18.49347362151968
541,25,758,183,24779.0,Sopo,Cundinamarca,7.385285927599984
542,25,769,188,14860.0,Subachoque,Cundinamarca,12.651413189771198
543,25,772,98,15395.0,Suesca,Cundinamarca,6.3657031503734975
544,25,777,48,4726.0,Supata,Cundinamarca,10.156580617858655
545,25,779,46,6073.0,Susa,Cundinamarca,7.574510126790713
546,25,781,106,5258.0,Sutatausa,Cundinamarca,20.159756561430203
547,25,785,136,20565.0,Tabio,Cundinamarca,6.61317772915147
548,25,793,93,6694.0,Tausa,Cundinamarca,13.89303854197789
549,25,797,196,8062.0,Tena,Cundinamarca,24.31158521458695
550,25,799,248,20368.0,Tenjo,Cundinamarca,12.175962293794187
551,25,805,81,3943.0,Tibacuy,Cundinamarca,20.542733958914532
552,25,807,26,2435.0,Tibirita,Cundinamarca,10.677618069815194
553,25,815,141,13445.0,Tocaima,Cundinamarca,10.48716995165489
554,25,817,984,39357.0,Tocancipa,Cundinamarca,25.0019056330513
555,25,823,53,3523.0,Topaipi,Cundinamarca,15.043996593812093
556,25,839,57,7202.0,Ubala,Cundinamarca,7.914468203276867
557,25,841,115,6390.0,Ubaque,Cundinamarca,17.996870109546165
558,25,843,1036,39717.0,Ubate,Cundinamarca,26.08454817836191
559,25,845,78,6901.0,Une,Cundinamarca,11.302709752209825
560,25,851,33,4019.0,Utica,Cundinamarca,8.210997760636975
561,25,862,44,6036.0,Vergara,Cundinamarca,7.28959575878065
562,25,867,18,3806.0,Viani,Cundinamarca,4.729374671571204
563,25,871,32,1695.0,Villagomez,Cundinamarca,18.87905604719764
564,25,873,229,15814.0,Villapinzon,Cundinamarca,14.480839762235993
565,25,875,473,25669.0,Villeta,Cundinamarca,18.426896256184502
566,25,878,55,12538.0,Viota,Cundinamarca,4.386664539799011
567,25,885,37,10887.0,Yacopi,Cundinamarca,3.3985487278405437
568,25,898,76,4211.0,Zipacon,Cundinamarca,18.047969603419617
569,25,899,2715,128968.0,Zipaquira,Cundinamarca,21.05173376341418
570,27,1,1269,119481.0,Quibdo (san francisco de quibdo),Choco,10.620935546237478
571,27,6,53,12095.0,Acandi,Choco,4.381976023150062
572,27,25,8,23954.0,Alto baudo (pie de pato),Choco,0.3339734491107957
573,27,50,21,5494.0,Atrato,Choco,3.8223516563523843
574,27,73,14,10553.0,Bagado,Choco,1.3266369752676965
575,27,75,85,9135.0,Bahia solano (mutis),Choco,9.30487137383689
576,27,77,11,18451.0,Bajo baudo (pizarro),Choco,0.5961736491247087
577,27,99,1,11930.0,Bojaya (bellavista),Choco,0.08382229673093043
578,27,135,3,5660.0,Canton de san pablo (managru),Choco,0.5300353356890459
579,27,205,66,12232.0,Condoto,Choco,5.39568345323741
580,27,245,42,7898.0,El carmen de atrato,Choco,5.317801975183591
581,27,250,11,11579.0,Litoral del bajo san juan (santa genoveva de docordo),Choco,0.9499956818378099
582,27,361,195,27349.0,Istmina,Choco,7.130059599985374
583,27,372,7,4108.0,Jurado,Choco,1.7039922103213243
584,27,413,33,8928.0,Lloro,Choco,3.696236559139785
585,27,425,5,10140.0,Medio atrato,Choco,0.4930966469428008
586,27,430,15,13423.0,Medio baudo,Choco,1.1174849139536616
587,27,491,17,8164.0,Novita,Choco,2.082312591866732
588,27,495,27,3456.0,Nuqui,Choco,7.8125
589,27,600,4,7974.0,Rioquito,Choco,0.5016302984700275
590,27,615,100,47901.0,Riosucio,Choco,2.0876390889543015
591,27,660,31,4721.0,San jose del palmar,Choco,6.566405422579962
592,27,745,3,2768.0,Sipi,Choco,1.083815028901734
593,27,787,108,16945.0,Tado,Choco,6.373561522573031
594,27,800,46,12192.0,Unguia,Choco,3.772965879265092
595,27,810,21,6458.0,Union panamericana,Choco,3.2517807370703005
596,41,1,11494,313310.0,Neiva,Huila,36.68571063802624
597,41,6,458,24562.0,Acevedo,Huila,18.646690008956927
598,41,13,123,8578.0,Agrado,Huila,14.339006761482862
599,41,16,210,14634.0,Aipe,Huila,14.350143501435014
600,41,20,184,20015.0,Algeciras,Huila,9.193105171121658
601,41,26,46,3810.0,Altamira,Huila,12.073490813648293
602,41,78,90,6397.0,Baraya,Huila,14.069094888228857
603,41,132,403,30082.0,Campoalegre,Huila,13.396715643906655
604,41,206,73,6965.0,Colombia,Huila,10.480976310122038
605,41,244,45,3733.0,Elias,Huila,12.054647736405036
606,41,298,1342,65319.0,Garzon,Huila,20.545323718979166
607,41,306,278,22622.0,Gigante,Huila,12.288922288038194
608,41,319,122,15875.0,Guadalupe,Huila,7.685039370078741
609,41,349,100,6686.0,Hobo,Huila,14.956625785222853
610,41,357,83,9044.0,Iquira,Huila,9.177355152587351
611,41,359,403,24571.0,Isnos (san jose de isnos),Huila,16.40144886248016
612,41,378,67,12475.0,La argentina,Huila,5.370741482965932
613,41,396,801,53967.0,La plata,Huila,14.842403691144588
614,41,483,36,6157.0,Nataga,Huila,5.84700341075199
615,41,503,110,11111.0,Oporapa,Huila,9.900099000990009
616,41,518,62,6403.0,Paicol,Huila,9.68296111197876
617,41,524,203,24146.0,Palermo,Huila,8.407189596620558
618,41,530,115,10454.0,Palestina,Huila,11.00057394298833
619,41,548,246,12222.0,Pital,Huila,20.12763868433972
620,41,551,2620,118991.0,Pitalito,Huila,22.0184719852762
621,41,615,286,21065.0,Rivera,Huila,13.577023498694517
622,41,660,70,10065.0,Saladoblanco,Huila,6.954793840039741
623,41,668,673,32380.0,San agustin,Huila,20.784434836318717
624,41,676,70,10215.0,Santa maria,Huila,6.852667645619187
625,41,770,111,17362.0,Suaza,Huila,6.393272664439581
626,41,791,99,16108.0,Tarqui,Huila,6.146014402781227
627,41,797,116,9767.0,Tesalia,Huila,11.876727756731853
628,41,799,168,10215.0,Tello,Huila,16.44640234948605
629,41,801,104,7350.0,Teruel,Huila,14.149659863945578
630,41,807,260,20894.0,Timana,Huila,12.44376375993108
631,41,872,82,6943.0,Villavieja,Huila,11.810456574967594
632,41,885,149,7361.0,Yaguara,Huila,20.241814970792014
633,44,1,2892,176830.0,Riohacha,La guajira,16.35469094610643
634,44,78,120,28547.0,Barrancas,La guajira,4.203594072932357
635,44,90,182,35599.0,Dibulla,La guajira,5.112503160201129
636,44,98,51,11635.0,Distraccion,La guajira,4.383326171035669
637,44,110,27,6963.0,El molino,La guajira,3.877638948728996
638,44,279,264,40837.0,Fonseca,La guajira,6.464725616475255
639,44,378,50,17672.0,Hatonuevo,La guajira,2.8293345405160704
640,44,420,10,2952.0,La jagua del pilar,La guajira,3.3875338753387534
641,44,430,928,159081.0,Maicao,La guajira,5.833506201243392
642,44,560,40,73152.0,Manaure,La guajira,0.5468066491688539
643,44,650,266,45755.0,San juan del cesar,La guajira,5.813572287181729
644,44,847,80,158166.0,Uribia,La guajira,0.5057977062074024
645,44,855,33,10187.0,Urumita,La guajira,3.2394227937567486
646,44,874,90,24966.0,Villanueva,La guajira,3.604902667627974
647,47,1,8700,477257.0,"Santa marta (distrito turistico, cultural e historicode santa marta)",Magdalena,18.229172123195678
648,47,30,77,14294.0,Algarrobo,Magdalena,5.386875612144956
649,47,53,295,37440.0,Aracataca,Magdalena,7.879273504273504
650,47,58,49,28284.0,Ariguani (el dificil),Magdalena,1.7324282279734124
651,47,161,22,9225.0,Cerro san antonio,Magdalena,2.3848238482384825
652,47,170,66,18208.0,Chivolo,Magdalena,3.624780316344464
653,47,189,1013,118259.0,Cienaga,Magdalena,8.565944241030282
654,47,205,6,9681.0,Concordia,Magdalena,0.6197706848466068
655,47,245,458,59360.0,El banco,Magdalena,7.715633423180593
656,47,258,42,17308.0,El piñon,Magdalena,2.426623526692859
657,47,268,90,19345.0,El reten,Magdalena,4.652364952184027
658,47,288,747,64818.0,Fundacion,Magdalena,11.524576506525966
659,47,318,50,25308.0,Guamal,Magdalena,1.9756598703967125
660,47,541,9,7569.0,Pedraza,Magdalena,1.1890606420927465
661,47,545,25,11071.0,Pijiño del carmen (pijiño),Magdalena,2.2581519284617473
662,47,551,154,34372.0,Pivijay,Magdalena,4.480391015943209
663,47,555,272,56153.0,Plato,Magdalena,4.843908606842021
664,47,570,97,26419.0,Puebloviejo,Magdalena,3.671599984859381
665,47,605,4,9555.0,Remolino,Magdalena,0.4186289900575615
666,47,660,15,14047.0,Sabanas de san angel,Magdalena,1.0678436676870506
667,47,675,30,9360.0,Salamina,Magdalena,3.205128205128205
668,47,692,31,18865.0,San sebastian de buenavista,Magdalena,1.643254704479194
669,47,703,23,11277.0,San zenon,Magdalena,2.039549525583045
670,47,707,103,22705.0,Santa ana,Magdalena,4.536445716802467
671,47,745,71,25804.0,Sitionuevo,Magdalena,2.7515113935823905
672,47,798,28,12364.0,Tenerife,Magdalena,2.264639275315432
673,50,1,16999,446537.0,Villavicencio,Meta,38.06851391933927
674,50,6,1993,73925.0,Acacias,Meta,26.959756509976327
675,50,110,79,5835.0,Barranca de upia,Meta,13.538988860325622
676,50,124,89,5076.0,Cabuyaro,Meta,17.533490937746258
677,50,150,148,13516.0,Castilla la nueva,Meta,10.949985202722699
678,50,223,84,6276.0,San luis de cubarral,Meta,13.38432122370937
679,50,226,324,21156.0,Cumaral,Meta,15.314804310833805
680,50,245,16,1387.0,El calvario,Meta,11.535688536409516
681,50,251,86,7253.0,El castillo,Meta,11.85716255342617
682,50,270,51,3602.0,El dorado,Meta,14.158800666296502
683,50,287,127,11536.0,Fuente de oro,Meta,11.009015256588073
684,50,313,1168,63959.0,Granada,Meta,18.261698900858363
685,50,318,267,13839.0,Guamal,Meta,19.29330153912855
686,50,325,64,5766.0,Mapiripan,Meta,11.099549080818592
687,50,330,104,9629.0,Mesetas,Meta,10.800706200020771
688,50,350,133,23113.0,La macarena,Meta,5.75433738588673
689,50,370,51,7767.0,La uribe,Meta,6.5662417921977605
690,50,400,122,10480.0,Lejanias,Meta,11.641221374045802
691,50,450,44,7873.0,Puerto concordia,Meta,5.588720945001905
692,50,568,343,39414.0,Puerto gaitan,Meta,8.702491500482061
693,50,573,361,27969.0,Puerto lopez,Meta,12.907147198684257
694,50,577,119,8692.0,Puerto lleras,Meta,13.690750115048319
695,50,590,85,11033.0,Puerto rico,Meta,7.704160246533128
696,50,606,312,17286.0,Restrepo,Meta,18.049288441513365
697,50,680,172,11343.0,San carlos de guaroa,Meta,15.16353698316142
698,50,683,90,7884.0,San  juan de arama,Meta,11.415525114155251
699,50,686,7,1106.0,San juanito,Meta,6.329113924050633
700,50,689,403,21719.0,San martin,Meta,18.555182098623323
701,50,711,204,16249.0,Vistahermosa,Meta,12.554618745768972
702,52,1,13924,349352.0,Pasto (san juan de pasto),Nariño,39.85664888135748
703,52,19,52,8191.0,Alban (san jose),Nariño,6.348431204981077
704,52,22,34,6872.0,Aldana,Nariño,4.947613504074505
705,52,36,31,7481.0,Ancuya,Nariño,4.143831038631198
706,52,51,43,7626.0,Arboleda (berruecos),Nariño,5.638604773144506
707,52,79,102,33804.0,Barbacoas,Nariño,3.017394391196308
708,52,83,39,5961.0,Belen,Nariño,6.542526421741319
709,52,110,163,19934.0,Buesaco,Nariño,8.176984047356274
710,52,203,28,7764.0,Colon (genova),Nariño,3.6063884595569293
711,52,207,53,10098.0,Consaca,Nariño,5.248564072093484
712,52,210,27,6421.0,Contadero,Nariño,4.204952499610653
713,52,215,35,14827.0,Cordoba,Nariño,2.3605584406825386
714,52,224,34,8975.0,Cuaspud (carlosama),Nariño,3.7883008356545957
715,52,227,56,32672.0,Cumbal,Nariño,1.7140058765915769
716,52,233,23,5095.0,Cumbitara,Nariño,4.5142296368989205
717,52,240,123,12357.0,Chachagui,Nariño,9.953872299101723
718,52,250,33,21071.0,El charco,Nariño,1.566133548478952
719,52,254,18,6195.0,El peñol,Nariño,2.905569007263922
720,52,256,31,6498.0,El rosario,Nariño,4.770698676515852
721,52,258,43,13235.0,El tablon,Nariño,3.2489610880241786
722,52,260,61,12452.0,El tambo,Nariño,4.89881143591391
723,52,287,15,6182.0,Funes,Nariño,2.4263992235522482
724,52,317,49,18845.0,Guachucal,Nariño,2.600159193420005
725,52,320,61,10774.0,Guaitarilla,Nariño,5.661778355299796
726,52,323,14,6290.0,Gualmatan,Nariño,2.2257551669316378
727,52,352,17,7112.0,Iles,Nariño,2.390326209223847
728,52,354,44,6351.0,Imues,Nariño,6.928042827901118
729,52,356,1702,104513.0,Ipiales,Nariño,16.28505544764766
730,52,378,81,16661.0,La cruz,Nariño,4.861652962007082
731,52,381,46,9047.0,La florida,Nariño,5.084558417154858
732,52,385,15,5321.0,La llanada,Nariño,2.819018981394475
733,52,390,4,5847.0,La tola,Nariño,0.6841115101761588
734,52,399,255,28517.0,La union,Nariño,8.942034575867027
735,52,405,45,8201.0,Leiva,Nariño,5.487135715156688
736,52,411,35,8949.0,Linares,Nariño,3.911051514135657
737,52,418,27,8683.0,Los andes (sotomayor),Nariño,3.109524357940804
738,52,427,11,18255.0,Magui (payan),Nariño,0.6025746370857299
739,52,435,33,7972.0,Mallama (piedrancha),Nariño,4.139488208730557
740,52,473,8,10202.0,Mosquera,Nariño,0.7841599686336013
741,52,490,5,21356.0,Olaya herrera (bocas de satinga),Nariño,0.2341262408690766
742,52,506,21,6488.0,Ospina,Nariño,3.2367447595561036
743,52,520,20,7430.0,Francisco pizarro (salahonda),Nariño,2.6917900403768504
744,52,540,87,8149.0,Policarpa,Nariño,10.676156583629894
745,52,560,97,10179.0,Potosi,Nariño,9.529423322526771
746,52,565,3,4619.0,Providencia,Nariño,0.6494912318683698
747,52,573,44,8429.0,Puerres,Nariño,5.220073555581919
748,52,585,41,16431.0,Pupiales,Nariño,2.4952833059460775
749,52,612,77,18067.0,Ricaurte,Nariño,4.261913986826811
750,52,621,4,10473.0,Roberto payan (san jose),Nariño,0.38193449823355297
751,52,678,97,23697.0,Samaniego,Nariño,4.0933451491750015
752,52,683,132,18837.0,Sandona,Nariño,7.007485268354834
753,52,685,38,8874.0,San bernardo,Nariño,4.282172639170611
754,52,687,32,16626.0,San lorenzo,Nariño,1.9246962588716467
755,52,693,31,12905.0,San pablo,Nariño,2.402169701666021
756,52,694,27,6572.0,San pedro de cartago,Nariño,4.108338405356055
757,52,696,8,8989.0,Santa barbara (iscuande),Nariño,0.8899766381132496
758,52,699,31,9869.0,Santa cruz (guachaves),Nariño,3.141149052588915
759,52,720,28,6894.0,Sapuyes,Nariño,4.061502756019728
760,52,786,80,15412.0,Taminango,Nariño,5.190760446405399
761,52,788,88,10331.0,Tangua,Nariño,8.51805246345949
762,52,835,1477,134862.0,Tumaco,Nariño,10.951936053150629
763,52,838,441,41909.0,Tuquerres,Nariño,10.522799398697178
764,52,885,46,10579.0,Yacuanquer,Nariño,4.348237073447396
765,54,1,13889,624729.0,Cucuta,Norte de santander,22.232039812462684
766,54,3,228,30118.0,Abrego,Norte de santander,7.570223786440002
767,54,51,47,8102.0,Arboledas,Norte de santander,5.801036781041718
768,54,99,50,6867.0,Bochalema,Norte de santander,7.2811999417504
769,54,109,12,4698.0,Bucarasica,Norte de santander,2.554278416347382
770,54,125,23,2723.0,Cacota,Norte de santander,8.446566287183254
771,54,128,19,8642.0,Cachira,Norte de santander,2.1985651469567227
772,54,172,131,15956.0,Chinacota,Norte de santander,8.21007771371271
773,54,174,102,10554.0,Chitaga,Norte de santander,9.664582148948266
774,54,206,46,17879.0,Convencion,Norte de santander,2.572850830583366
775,54,223,52,7648.0,Cucutilla,Norte de santander,6.799163179916318
776,54,239,36,4367.0,Durania,Norte de santander,8.2436455232425
777,54,245,50,11959.0,El carmen,Norte de santander,4.180951584580651
778,54,250,40,18986.0,El tarra,Norte de santander,2.1068155482987465
779,54,261,236,25999.0,El zulia,Norte de santander,9.07727220277703
780,54,313,9,5915.0,Gramalote,Norte de santander,1.521555367709214
781,54,344,17,9622.0,Hacari,Norte de santander,1.7667844522968197
782,54,347,13,4689.0,Herran,Norte de santander,2.7724461505651523
783,54,377,12,5538.0,Labateca,Norte de santander,2.1668472372697725
784,54,385,70,11040.0,La esperanza,Norte de santander,6.340579710144928
785,54,398,29,7146.0,La playa,Norte de santander,4.058214385670305
786,54,405,1060,81112.0,Los patios,Norte de santander,13.068349935891113
787,54,418,17,3602.0,Lourdes,Norte de santander,4.719600222098834
788,54,480,27,3891.0,Mutiscua,Norte de santander,6.939090208172706
789,54,498,2277,110671.0,Ocaña,Norte de santander,20.57449557698042
790,54,518,564,44805.0,Pamplona,Norte de santander,12.587880816873117
791,54,520,27,4929.0,Pamplonita,Norte de santander,5.477784540474742
792,54,553,70,8139.0,Puerto santander,Norte de santander,8.600565179997542
793,54,599,44,5381.0,Ragonvalia,Norte de santander,8.176918788329306
794,54,660,42,8724.0,Salazar,Norte de santander,4.814305364511692
795,54,670,6,9915.0,San calixto,Norte de santander,0.605143721633888
796,54,673,46,6677.0,San cayetano,Norte de santander,6.889321551595028
797,54,680,13,3079.0,Santiago,Norte de santander,4.222150048717117
798,54,720,128,21159.0,Sardinata,Norte de santander,6.049435228507964
799,54,743,31,5713.0,Silos,Norte de santander,5.426220899702433
800,54,800,59,12710.0,Teorama,Norte de santander,4.642014162077105
801,54,810,604,51144.0,Tibu,Norte de santander,11.809791959956202
802,54,820,39,14763.0,Toledo,Norte de santander,2.6417394838447468
803,54,871,23,4602.0,Villacaro,Norte de santander,4.997827031725336
804,54,874,1073,93550.0,Villa del rosario,Norte de santander,11.469802244788884
805,63,1,3061,273769.0,Armenia,Quindio,11.180959129777294
806,63,111,27,2681.0,Buenavista,Quindio,10.070869078701977
807,63,130,713,69366.0,Calarca,Quindio,10.278810944843295
808,63,190,190,27090.0,Circasia,Quindio,7.013658176448875
809,63,212,61,5516.0,Cordoba,Quindio,11.058738216098622
810,63,272,115,11183.0,Filandia,Quindio,10.283465975140839
811,63,302,101,7050.0,Genova,Quindio,14.326241134751772
812,63,401,318,32491.0,La tebaida,Quindio,9.787325720968884
813,63,470,244,35138.0,Montenegro,Quindio,6.944049177528602
814,63,548,58,4854.0,Pijao,Quindio,11.948908117016893
815,63,594,257,28983.0,Quimbaya,Quindio,8.867267018597108
816,63,690,128,7490.0,Salento,Quindio,17.089452603471294
817,66,1,11922,406722.0,Pereira,Risaralda,29.312405033413487
818,66,45,129,10662.0,Apia,Risaralda,12.099043331457512
819,66,75,69,4976.0,Balboa,Risaralda,13.866559485530546
820,66,88,216,21398.0,Belen de umbria,Risaralda,10.09440134592018
821,66,170,4677,194229.0,Dos quebradas,Risaralda,24.079823301360765
822,66,318,107,11516.0,Guatica,Risaralda,9.291420632163947
823,66,383,29,6154.0,La celia,Risaralda,4.712382190445239
824,66,400,720,25829.0,La virginia,Risaralda,27.875643656355262
825,66,440,176,15422.0,Marsella,Risaralda,11.412268188302425
826,66,456,46,15921.0,Mistrato,Risaralda,2.8892657496388416
827,66,572,93,14429.0,Pueblo rico,Risaralda,6.445353108323515
828,66,594,164,25182.0,Quinchia,Risaralda,6.512588356762768
829,66,682,1619,70586.0,Santa rosa de cabal,Risaralda,22.936559657722494
830,66,687,134,11734.0,Santuario,Risaralda,11.419805692858361
831,68,1,19012,523426.0,Bucaramanga,Santander,36.322230840653695
832,68,13,13,1649.0,Aguada,Santander,7.883565797453001
833,68,20,43,3307.0,Albania,Santander,13.002721499848805
834,68,51,87,7861.0,Aratoca,Santander,11.06729423737438
835,68,77,817,28739.0,Barbosa,Santander,28.428268206966145
836,68,79,91,7571.0,Barichara,Santander,12.019548276317527
837,68,81,8846,197974.0,Barrancabermeja,Santander,44.682635093497126
838,68,92,58,5185.0,Betulia,Santander,11.186113789778206
839,68,101,45,9437.0,Bolivar,Santander,4.7684645544134785
840,68,121,47,1605.0,Cabrera,Santander,29.283489096573206
841,68,132,48,1784.0,California,Santander,26.90582959641256
842,68,147,49,5276.0,Capitanejo,Santander,9.287338893100834
843,68,152,19,4130.0,Carcasi,Santander,4.600484261501211
844,68,160,3,1869.0,Cepita,Santander,1.6051364365971108
845,68,162,42,6460.0,Cerrito,Santander,6.501547987616099
846,68,167,140,10934.0,Charala,Santander,12.804097311139564
847,68,169,31,2814.0,Charta,Santander,11.01634683724236
848,68,176,57,2364.0,Chima,Santander,24.111675126903553
849,68,179,18,4336.0,Chipata,Santander,4.1512915129151295
850,68,190,583,24843.0,Cimitarra,Santander,23.467375115726764
851,68,207,24,5300.0,Concepcion,Santander,4.528301886792453
852,68,209,67,2902.0,Confines,Santander,23.08752584424535
853,68,211,78,3179.0,Contratacion,Santander,24.536017615602393
854,68,217,88,4775.0,Coromoro,Santander,18.42931937172775
855,68,229,134,11600.0,Curiti,Santander,11.551724137931034
856,68,235,158,17567.0,El carmen de chucury,Santander,8.994136733648316
857,68,245,29,1642.0,El guacamayo,Santander,17.66138855054811
858,68,250,26,4095.0,El peñon,Santander,6.349206349206349
859,68,255,205,12840.0,El playon,Santander,15.965732087227412
860,68,264,24,2328.0,Encino,Santander,10.309278350515465
861,68,266,16,3382.0,Enciso,Santander,4.730928444707274
862,68,271,62,4596.0,Florian,Santander,13.48999129677981
863,68,276,7224,274607.0,Floridablanca,Santander,26.30668555426482
864,68,296,66,2666.0,Galan,Santander,24.756189047261813
865,68,298,50,3508.0,Gambita,Santander,14.253135689851767
866,68,307,6123,148741.0,Giron,Santander,41.16551589676014
867,68,318,49,5742.0,Guaca,Santander,8.533611981887844
868,68,320,122,3818.0,Guadalupe,Santander,31.953902566788894
869,68,322,23,2052.0,Guapota,Santander,11.208576998050681
870,68,324,25,3748.0,Guavata,Santander,6.670224119530417
871,68,327,117,4402.0,Guepsa,Santander,26.578827805542932
872,68,344,44,2120.0,Hato,Santander,20.754716981132074
873,68,368,33,2987.0,Jesus maria,Santander,11.047874121191832
874,68,370,4,1163.0,Jordan,Santander,3.4393809114359417
875,68,377,65,5500.0,La belleza,Santander,11.818181818181818
876,68,385,86,9231.0,Landazuri,Santander,9.316433755822771
877,68,397,33,3986.0,La paz,Santander,8.278976417461115
878,68,406,529,37170.0,Lebrija,Santander,14.231907452246435
879,68,418,85,12403.0,Los santos,Santander,6.8531806820930425
880,68,425,11,2130.0,Macaravita,Santander,5.164319248826291
881,68,432,263,19567.0,Malaga,Santander,13.440997597996628
882,68,444,60,4470.0,Matanza,Santander,13.422818791946309
883,68,464,161,10113.0,Mogotes,Santander,15.920102837931376
884,68,468,11,3915.0,Molagavita,Santander,2.80970625798212
885,68,498,110,4537.0,Ocamonte,Santander,24.245095878333704
886,68,500,146,10117.0,Oiba,Santander,14.431155480873777
887,68,502,53,3928.0,Onzaga,Santander,13.4928716904277
888,68,522,19,1244.0,Palmar,Santander,15.27331189710611
889,68,524,48,2432.0,Palmas del socorro,Santander,19.736842105263158
890,68,533,24,4144.0,Paramo,Santander,5.7915057915057915
891,68,547,3942,156660.0,Piedecuesta,Santander,25.16277288395251
892,68,549,51,4457.0,Pinchote,Santander,11.44267444469374
893,68,572,216,12451.0,Puente nacional,Santander,17.348004176371376
894,68,573,69,6861.0,Puerto parra,Santander,10.056843025797988
895,68,575,404,31698.0,Puerto wilches,Santander,12.745283614108146
896,68,615,260,25233.0,Rionegro,Santander,10.303967027305513
897,68,655,539,27718.0,Sabana de torres,Santander,19.445847463741973
898,68,669,69,7985.0,San andres,Santander,8.641202254226675
899,68,673,12,2705.0,San benito,Santander,4.4362292051756
900,68,679,1333,54066.0,San gil,Santander,24.655051233677355
901,68,682,26,2167.0,San joaquin,Santander,11.998154130133827
902,68,684,47,4132.0,San jose de miranda,Santander,11.374636979670862
903,68,686,9,2433.0,San miguel,Santander,3.6991368680641186
904,68,689,440,28760.0,San vicente de chucuri,Santander,15.2990264255911
905,68,705,18,2239.0,Santa barbara,Santander,8.0393032603841
906,68,720,36,3160.0,Santa helena del opon,Santander,11.39240506329114
907,68,745,103,7759.0,Simacota,Santander,13.274906560123727
908,68,755,529,28975.0,Socorro,Santander,18.25711820534944
909,68,770,130,8739.0,Suaita,Santander,14.875843918068428
910,68,773,47,6038.0,Sucre,Santander,7.7840344484928785
911,68,780,44,3520.0,Surata,Santander,12.5
912,68,820,47,6680.0,Tona,Santander,7.035928143712575
913,68,855,114,5648.0,Valle san jose,Santander,20.18413597733711
914,68,861,311,18382.0,Velez,Santander,16.918724839516916
915,68,867,33,1762.0,Vetas,Santander,18.728717366628832
916,68,872,103,6725.0,Villanueva,Santander,15.315985130111525
917,68,895,85,8865.0,Zapatoca,Santander,9.588268471517203
918,70,1,6479,273225.0,Sincelejo,Sucre,23.713057004300488
919,70,110,42,10005.0,Buenavista,Sucre,4.197901049475262
920,70,124,41,13331.0,Caimito,Sucre,3.075538219188358
921,70,204,60,7803.0,Coloso (ricaurte),Sucre,7.6893502499038835
922,70,215,1075,65848.0,Corozal,Sucre,16.32547685578909
923,70,230,12,4425.0,Chalan,Sucre,2.7118644067796613
924,70,235,77,20239.0,Galeras (nueva granada),Sucre,3.804535797223183
925,70,265,56,15618.0,Guaranda,Sucre,3.585606351645537
926,70,400,32,11510.0,La union,Sucre,2.780191138140747
927,70,418,194,21831.0,Los palmitos,Sucre,8.886445879712335
928,70,429,84,32622.0,Majagual,Sucre,2.57494942063638
929,70,473,185,14789.0,Morroa,Sucre,12.509297450808033
930,70,508,153,22384.0,Ovejas,Sucre,6.835239456754825
931,70,523,43,12534.0,Palmito,Sucre,3.4306685814584332
932,70,670,583,44617.0,Sampues,Sucre,13.06676827218325
933,70,678,108,25511.0,San benito abad,Sucre,4.233467915801027
934,70,702,131,13435.0,San juan de betulia,Sucre,9.750651283959806
935,70,708,561,53315.0,San marcos,Sucre,10.52236706367814
936,70,713,264,47952.0,San onofre,Sucre,5.505505505505505
937,70,717,118,18010.0,San pedro,Sucre,6.551915602443087
938,70,742,355,30188.0,Since,Sucre,11.759639591890819
939,70,771,101,23971.0,Sucre,Sucre,4.213424554670227
940,70,820,661,32012.0,Tolu,Sucre,20.64850680994627
941,70,823,176,20033.0,Toluviejo,Sucre,8.785503918534419
942,73,1,11841,494059.0,Ibague,Tolima,23.96677319915233
943,73,24,66,4072.0,Alpujarra,Tolima,16.208251473477407
944,73,26,140,6712.0,Alvarado,Tolima,20.858164481525627
945,73,30,84,6524.0,Ambalema,Tolima,12.875536480686696
946,73,43,64,7591.0,Anzoategui,Tolima,8.431036754050849
947,73,55,254,11326.0,Armero (guayabal),Tolima,22.42627582553417
948,73,67,96,18218.0,Ataco,Tolima,5.269513667801076
949,73,124,310,17260.0,Cajamarca,Tolima,17.960602549246815
950,73,148,128,9614.0,Carmen apicala,Tolima,13.313917204077386
951,73,152,35,5496.0,Casabianca,Tolima,6.368267831149927
952,73,168,858,43221.0,Chaparral,Tolima,19.851461095300895
953,73,200,100,7495.0,Coello,Tolima,13.3422281521014
954,73,217,187,18999.0,Coyaima,Tolima,9.842623295962944
955,73,226,104,7762.0,Cunday,Tolima,13.398608606029374
956,73,236,52,7262.0,Dolores,Tolima,7.160561828697329
957,73,268,1317,67174.0,Espinal,Tolima,19.60579986304225
958,73,270,63,6612.0,Falan,Tolima,9.528130671506352
959,73,275,447,27309.0,Flandes,Tolima,16.368230253762494
960,73,283,164,28776.0,Fresno,Tolima,5.699193772588267
961,73,319,447,30364.0,Guamo,Tolima,14.721380582268475
962,73,347,29,6361.0,Herveo,Tolima,4.55903159880522
963,73,349,404,22753.0,Honda,Tolima,17.755900320836812
964,73,352,255,9979.0,Icononzo,Tolima,25.55366269165247
965,73,408,213,16971.0,Lerida,Tolima,12.550821990454304
966,73,411,425,32886.0,Libano,Tolima,12.923432463662348
967,73,443,847,34398.0,Mariquita,Tolima,24.623524623524624
968,73,449,497,33773.0,Melgar,Tolima,14.715897314422763
969,73,461,68,3348.0,Murillo,Tolima,20.31063321385902
970,73,483,139,14274.0,Natagaima,Tolima,9.737985147821213
971,73,504,286,29662.0,Ortega,Tolima,9.641966151978963
972,73,520,45,9188.0,Palocabildo,Tolima,4.897692642577275
973,73,547,67,5518.0,Piedras,Tolima,12.142080463936209
974,73,555,158,21503.0,Planadas,Tolima,7.347811933218621
975,73,563,47,7893.0,Prado,Tolima,5.954643354871405
976,73,585,228,22461.0,Purificacion,Tolima,10.150928275677842
977,73,616,97,19065.0,Rioblanco,Tolima,5.087857330186205
978,73,622,31,5093.0,Roncesvalles,Tolima,6.086785784409974
979,73,624,358,20220.0,Rovira,Tolima,17.705242334322456
980,73,671,304,14078.0,Saldaña,Tolima,21.593976417104702
981,73,675,134,11478.0,San antonio,Tolima,11.674507753964106
982,73,678,90,12139.0,San luis,Tolima,7.414119779223989
983,73,686,37,5026.0,Santa isabel,Tolima,7.361719060883406
984,73,770,40,3446.0,Suarez,Tolima,11.607661056297156
985,73,854,45,4502.0,Valle de san juan,Tolima,9.995557529986673
986,73,861,119,12114.0,Venadillo,Tolima,9.823344890209675
987,73,870,59,8520.0,Villahermosa,Tolima,6.924882629107981
988,73,873,33,5005.0,Villarrica,Tolima,6.593406593406593
989,76,1,48533,1811385.0,Cali (santiago de cali),Valle,26.79331009144936
990,76,20,117,12165.0,Alcala,Valle,9.617755856966708
991,76,36,277,18117.0,Andalucia,Valle,15.289507092785781
992,76,41,131,15651.0,Ansermanuevo,Valle,8.370072199859434
993,76,54,50,5008.0,Argelia,Valle,9.984025559105431
994,76,100,191,13899.0,Bolivar,Valle,13.741995827037917
995,76,109,3427,256921.0,Buenaventura,Valle,13.338730582552614
996,76,111,3852,114081.0,Buga,Valle,33.76548242038552
997,76,113,340,22030.0,Bugalagrande,Valle,15.433499773036768
998,76,122,481,26132.0,Caicedonia,Valle,18.406551354660955
999,76,126,225,16016.0,Calima (darien),Valle,14.048451548451547
1000,76,130,1273,84626.0,Candelaria,Valle,15.04265828468792
1001,76,147,2311,117395.0,Cartago,Valle,19.685676562034157
1002,76,233,654,39550.0,Dagua,Valle,16.536030341340073
1003,76,243,38,7373.0,El aguila,Valle,5.153940051539401
1004,76,246,63,6179.0,El cairo,Valle,10.195824567082052
1005,76,248,894,53929.0,El cerrito,Valle,16.577351703165274
1006,76,250,83,8496.0,El dovio,Valle,9.769303201506592
1007,76,275,810,54207.0,Florida,Valle,14.942719574962643
1008,76,306,313,18956.0,Ginebra,Valle,16.511922346486603
1009,76,318,485,30090.0,Guacari,Valle,16.11831173147225
1010,76,364,1265,127125.0,Jamundi,Valle,9.950835791543756
1011,76,377,173,12839.0,La cumbre,Valle,13.474569670535088
1012,76,400,396,29367.0,La union,Valle,13.484523444682807
1013,76,403,240,11046.0,La victoria,Valle,21.727322107550243
1014,76,497,82,10970.0,Obando,Valle,7.47493163172288
1015,76,520,3207,299173.0,Palmira,Valle,10.719550226791856
1016,76,563,605,43506.0,Pradera,Valle,13.906127890405921
1017,76,606,173,12798.0,Restrepo,Valle,13.517737146429129
1018,76,616,191,14027.0,Riofrio,Valle,13.616596563769873
1019,76,622,561,31466.0,Roldanillo,Valle,17.828767558634716
1020,76,670,275,15450.0,San pedro,Valle,17.79935275080906
1021,76,736,676,36552.0,Sevilla,Valle,18.494200043773255
1022,76,823,80,12068.0,Toro,Valle,6.629101756711965
1023,76,828,230,16646.0,Trujillo,Valle,13.817133245224078
1024,76,834,2897,185762.0,Tulua,Valle,15.595223996296335
1025,76,845,35,4772.0,Ulloa,Valle,7.334450963956412
1026,76,863,48,6233.0,Versalles,Valle,7.7009465746831385
1027,76,869,79,10741.0,Vijes,Valle,7.354994879433945
1028,76,890,285,15319.0,Yotoco,Valle,18.60434754226777
1029,76,892,1515,94868.0,Yumbo,Valle,15.969557701226968
1030,76,895,851,39295.0,Zarzal,Valle,21.656699325613946
1031,81,1,2641,74637.0,Arauca,Arauca,35.384594772029956
1032,81,65,202,44793.0,Arauquita,Arauca,4.5096332016163245
1033,81,220,21,3644.0,Cravo norte,Arauca,5.762897914379802
1034,81,300,102,17394.0,Fortul,Arauca,5.8640910658847885
1035,81,591,27,4145.0,Puerto rondon,Arauca,6.513872135102533
1036,81,736,581,52278.0,Saravena,Arauca,11.113661578484258
1037,81,794,798,39855.0,Tame,Arauca,20.022581859239743
1038,85,1,3073,154478.0,Yopal,Casanare,19.89280026929401
1039,85,10,703,33408.0,Aguazul,Casanare,21.04286398467433
1040,85,15,16,1957.0,Chameza,Casanare,8.175779253960144
1041,85,125,121,10985.0,Hato corozal,Casanare,11.015020482476105
1042,85,136,5,1174.0,La salina,Casanare,4.258943781942079
1043,85,139,125,12849.0,Mani,Casanare,9.728383531792357
1044,85,162,370,14803.0,Monterrey,Casanare,24.9949334594339
1045,85,225,116,8402.0,Nunchia,Casanare,13.806236610330874
1046,85,230,143,7938.0,Orocue,Casanare,18.014613252708493
1047,85,250,1122,33956.0,Paz de ariporo,Casanare,33.04276122040287
1048,85,263,353,10675.0,Pore,Casanare,33.06791569086651
1049,85,279,4,1230.0,Recetor,Casanare,3.252032520325203
1050,85,300,54,3005.0,Sabanalarga,Casanare,17.970049916805323
1051,85,315,3,1675.0,Sacama,Casanare,1.791044776119403
1052,85,325,93,7436.0,San luis de palenque,Casanare,12.506724045185583
1053,85,400,47,6095.0,Tamara,Casanare,7.71123872026251
1054,85,410,532,21288.0,Tauramena,Casanare,24.990605035700867
1055,85,430,161,11583.0,Trinidad,Casanare,13.899680566347232
1056,85,440,256,31691.0,Villanueva,Casanare,8.078003218579406
1057,86,1,920,47837.0,Mocoa,Putumayo,19.231975249284027
1058,86,219,107,5199.0,Colon,Putumayo,20.580880938642046
1059,86,320,128,32644.0,Orito,Putumayo,3.921088101948291
1060,86,568,854,55919.0,Puerto asis,Putumayo,15.272089987303064
1061,86,569,65,11082.0,Puerto caicedo,Putumayo,5.865367262227035
1062,86,571,57,16820.0,Puerto guzman,Putumayo,3.388822829964328
1063,86,573,204,18497.0,Puerto leguizamo,Putumayo,11.028815483591933
1064,86,749,242,14070.0,Sibundoy,Putumayo,17.19971570717839
1065,86,755,70,5560.0,San francisco,Putumayo,12.589928057553957
1066,86,757,79,13903.0,San miguel (la dorada),Putumayo,5.682226857512767
1067,86,760,160,6819.0,Santiago,Putumayo,23.46385100454612
1068,86,865,216,27150.0,La hormiga (valle del guamuez),Putumayo,7.955801104972377
1069,86,885,199,21977.0,Villagarzon,Putumayo,9.054921053829002
1070,88,1,1209,43289.0,San andres,San andres,27.928573078611194
1071,88,564,61,4545.0,Providencia,San andres,13.421342134213422
1072,91,1,1511,41254.0,Leticia,Amazonas,36.62675134532409
1073,91,540,106,7465.0,Puerto nariño,Amazonas,14.19959812458138
1074,94,1,542,27002.0,Puerto inirida,Guainia,20.072587215761796
1075,95,1,817,45051.0,San jose del guaviare,Guaviare,18.135002552662538
1076,95,15,42,7900.0,Calamar,Guaviare,5.3164556962025316
1077,95,25,68,10053.0,El retorno,Guaviare,6.764150004973639
1078,95,200,18,4023.0,Miraflores,Guaviare,4.47427293064877
1079,97,1,361,21642.0,Mitu,Vaupes,16.68052860179281
1080,97,161,19,2036.0,Caruru,Vaupes,9.332023575638507
1081,97,666,25,1581.0,Taraira,Vaupes,15.812776723592663
1082,99,1,322,18945.0,Puerto carreño,Vichada,16.996569015571392
1083,99,524,52,8878.0,La primavera,Vichada,5.857175039423294
1084,99,773,30,39954.0,Cumaribo,Vichada,0.7508634930169695
